{
    "convex_hull" : 0.44746453153611509546,
    "equality" : 0.00000105504045677662,
    "polsby_popper" : 0.55235958099365234375,
    "competitiveness" : 0.53164994716644287109,
    "efficiency_gap" : 0.08462689816951751709,
    "reock" : 0.12039919221706443797,
    "center_distance" : 0.01873608492314815521
}